{
  "variant": "Variant_C_Att_Dice",
  "use_attention": true,
  "loss": "Dice Loss",
  "mean_f1": 0.0093753596172991,
  "agg_iou": 0.0049787999907843624,
  "threshold": 0.25,
  "phase1_epochs": 10,
  "phase2_epochs": 13
}